Strategy,Avg_Churn_Probability
Contract Upgrade,0.265831236216954
Discount,0.255407736666867
Tech Support,0.265831236216954
